<?xml version="1.0" encoding="UTF-8"?>
<beans xmlns="http://www.springframework.org/schema/beans" xmlns:mvc="http://www.springframework.org/schema/mvc" xmlns:xsi="http://www.w3.org/2001/XMLSchema-instance" xmlns:p="http://www.springframework.org/schema/p" xmlns:context="http://www.springframework.org/schema/context" xsi:schemaLocation="http://www.springframework.org/schema/beans
http://www.springframework.org/schema/beans/spring-beans-3.0.xsd
http://www.springframework.org/schema/context
http://www.springframework.org/schema/context/spring-context-3.0.xsd
http://www.springframework.org/schema/mvc
http://www.springframework.org/schema/mvc/spring-mvc-3.0.xsd">
	
	<context:component-scan base-package="com.ccj.*.*.controller" />
	
	<!-- 配置视图解析器 如果不配置ViewResolver,Spring MVC默认使用org.springframework.web.servlet.view.InternalResourceViewResolver作为
    ViewResolver,而且prefix和suffix都为空 -->
    <bean id="viewResolver" class="org.springframework.web.servlet.view.InternalResourceViewResolver">
        <property name="prefix" value="/html/"></property>
        <property name="suffix" value=".html"></property>
        <property name="contentType" value="text/html"/>
    </bean>
     
    <!-- 访问静态资源 -->
    <mvc:annotation-driven/>
	<mvc:default-servlet-handler />
	<!-- 在web.xml中设置了，这里不用了 -->
<!-- 	<mvc:resources  location="/js/" mapping="/js/**"/>  
    <mvc:resources  location="/css/" mapping="/css/**"/>   -->

</beans>