<?xml version="1.0" encoding="UTF-8"?>
<!DOCTYPE mapper PUBLIC "-//rg//DTD Mapper 3.0//EN" "http://mybatis.org/dtd/mybatis-3-mapper.dtd" >
<mapper namespace="com.ccj.vueProject.index.dao.MusicMapper">
	<resultMap id="MusicMap" type="com.ccj.vueProject.index.bean.MusicBean">
        <result column="songerId" property="songerId" jdbcType="VARCHAR" />
        <result column="musicId" property="musicId" jdbcType="VARCHAR" />
        <result column="songerName" property="songerName" jdbcType="VARCHAR" />
        <result column="musicName" property="musicName" jdbcType="VARCHAR" />
        <result column="musicUrl" property="musicUrl" jdbcType="VARCHAR" />
        <result column="createTime" property="createTime" jdbcType="DATETIME" />
        <result column="updateTime" property="updateTime" jdbcType="DATETIME" />

    </resultMap>
    <insert id="addMusic"  parameterType="MusicMap">
    	insert into
    		music
    		(songerId,
    		 musicId,
    		 songerName,
    		 musicName,
    		 musicUrl,
    		 createTime,
    		 updateTime)
   		 VALUES(#{songerId:VARCHAR},
   		 		#{musicId:VARCHAR},
   		 		#{songerName:VARCHAR},
   		 		#{musicName:VARCHAR},
   		 		#{musicUrl:VARCHAR},
   		 		#{now():DATETIME},
   		 		#{now():DATETIME})
    </insert>
</mapper>